zstar_avg_test,SPO_wrong,ETO_wrong,SPO_correct,ETO_correct,n
20.299868713125193,0.9345496614382336,1.4754244947082173,0.4724259643065762,0.41340810454371274,400
20.299868713125193,0.7869783628227032,1.3580778380690446,0.3229236949702137,0.3066600004300066,400
20.299868713125193,0.7143756174085827,1.1219193297071552,0.21893816569788213,0.28733444022659926,400
20.299868713125193,0.759691280870411,0.8080486312663283,0.36438700136842855,0.2541667505999275,400
20.299868713125193,0.7783641812683266,1.0776617240628898,0.2493423497443295,0.23399437479452798,400
20.299868713125193,0.7985830409586763,1.1023227880834592,0.3996873827887178,0.4202989421674048,400
20.299868713125193,0.8757852745593234,1.126053427131591,0.4042371167455823,0.3964293121599011,400
20.299868713125193,1.0042928972809066,1.3637004249245541,0.5343913996520575,0.5126120110442121,400
20.299868713125193,1.3767875761632828,1.7620201876914903,0.8507080669860227,0.8584860506765548,400
20.299868713125193,0.8657567289413194,1.5435696900629368,0.5319706957990629,0.49456753293272354,400
20.299868713125193,1.179218327789191,1.5366063835486248,0.5722745093059102,0.5663145504137276,400
20.299868713125193,1.1731336107995698,1.4583286565153128,0.5290732944594121,0.4739869411215483,400
20.299868713125193,0.8052654828172663,1.4097938690646434,0.46132507112727467,0.39517503815739197,400
20.299868713125193,0.5298710139760171,0.9376991275401194,0.22996987937266639,0.19780344489507345,400
20.299868713125193,0.8053170521245089,1.2044996371224004,0.4874803727748229,0.31729363755436857,400
20.299868713125193,0.8732069199673865,1.2612710686104551,0.47013774050000595,0.4500444698643907,400
20.299868713125193,0.9012219401723113,1.3027885586864558,0.31688671921950307,0.2938240912589256,400
20.299868713125193,0.9265459048252767,1.2757114872936393,0.4290068464844807,0.5122634992711759,400
20.299868713125193,0.8597436615706091,1.4346271086337756,0.35308802258073313,0.3482187393450646,400
20.299868713125193,0.9386591943100018,1.4546742093046412,0.4931688391206206,0.3886072036676752,400
20.299868713125193,0.721788665914832,1.1088947215693308,0.26584147327524377,0.2571339901115782,400
20.299868713125193,0.5610126611143397,0.9601188576564417,0.20747539143896893,0.19357242961837634,400
20.299868713125193,1.0004407419397154,1.442560522636425,0.5996796662309029,0.5201939574923149,400
20.299868713125193,0.8868317813760369,1.3421606386996592,0.38375674706714974,0.3723257917717179,400
20.299868713125193,0.7541210216115951,1.2216150902632215,0.33749124393409136,0.33212752373763527,400
20.299868713125193,0.6923879519144712,0.9410964529860865,0.22035673449491106,0.16814753614535954,400
20.299868713125193,0.949405195986092,1.4414626498765493,0.553258943428539,0.5577259323760506,400
20.299868713125193,0.8309778690727067,1.0224848286320778,0.5729211186040912,0.47969333890020066,400
20.299868713125193,0.8859207318471637,1.3112625290322364,0.5886294572309102,0.6130800290762999,400
20.299868713125193,1.0180071447793317,1.2752679043564188,0.4082932296580385,0.3869182775899985,400
20.299868713125193,0.9489363460800131,1.4440080017904935,0.5094704339151189,0.47780002070746647,400
20.299868713125193,0.8817452861964857,1.0789458474813158,0.4868777331157349,0.43789287148198486,400
20.299868713125193,0.6856887926596739,1.2575982742965455,0.37063260624929406,0.27759593836469193,400
20.299868713125193,0.46103510419761706,1.1605874002425849,0.13775705012489936,0.14886996110957662,400
20.299868713125193,0.9355616118953914,1.4036989371856436,0.5265357704707946,0.476595788155036,400
20.299868713125193,0.7581009731641986,1.0974132375381453,0.30405968680509077,0.2838594410573001,400
20.299868713125193,0.9166056707048746,1.2676298091065044,0.36344403444577217,0.3117662447310003,400
20.299868713125193,0.7322780799246452,1.0014636883648467,0.22460822620283036,0.25170466142048736,400
20.299868713125193,1.1163710976808492,1.7391070853376616,0.8190126500444143,0.7353743574881627,400
20.299868713125193,0.885779709189554,1.2930253707732042,0.5588541503945458,0.465792893738656,400
20.299868713125193,0.9576364753551349,1.5866471193162148,0.7720223226546663,0.6470444261978365,400
20.299868713125193,0.6135451961287817,1.2600303842919227,0.1936331040513539,0.23037780720657958,400
20.299868713125193,1.1242208504648916,1.565558008251785,0.8340120810490884,0.7749987856424289,400
20.299868713125193,0.6226519721683704,1.2074225164130388,0.20918852881472363,0.24401877040475253,400
20.299868713125193,0.9686645298854931,1.3932354032793326,0.5082942233918638,0.43506876565901764,400
20.299868713125193,1.045143749374372,1.5316231709509536,0.7178276590898495,0.7447016482413144,400
20.299868713125193,0.5764047236408616,1.0687779161497692,0.23870788029031856,0.2137986416983238,400
20.299868713125193,1.1283226765364822,1.539794552730474,0.6245419635068772,0.48536936071163944,400
20.299868713125193,1.3831853307122337,1.5916818159150659,0.8603007710378805,0.7639221628651012,400
20.299868713125193,0.9776897184411492,1.4176613332217551,0.5414901533319442,0.469745910395894,400
20.299868713125193,0.7939369298053012,1.3039165442769747,0.3260223134503753,0.28857318891689704,600
20.299868713125193,0.5937255885743465,1.243297485728529,0.2029781077618868,0.21451596699671882,600
20.299868713125193,0.5126806112072254,1.1722395838918933,0.09967963183723728,0.06739418941118797,600
20.299868713125193,0.47960765478971046,0.8052287963407861,0.1592475486306918,0.15574672819330118,600
20.299868713125193,0.6219064909759244,1.1595505172427085,0.1468458645273771,0.1351822296473477,600
20.299868713125193,0.6297010728908958,1.22542307024642,0.3202093735419348,0.2766628668108805,600
20.299868713125193,0.5759947335204276,0.9123742737790617,0.16999540188795345,0.1651912033187601,600
20.299868713125193,0.6255878105894433,1.0987996156475073,0.12198363786412082,0.11201505396119638,600
20.299868713125193,0.9548808855078728,1.1813423101527734,0.4372395502734963,0.4247046298559127,600
20.299868713125193,0.6707238274103297,1.2222110947756242,0.3003995661962366,0.2779503797927679,600
20.299868713125193,0.7019954709604914,1.0458699932650766,0.20705842121272797,0.20304120789243008,600
20.299868713125193,0.8853540309241511,1.2838904950049361,0.22282936900005218,0.20817857614311822,600
20.299868713125193,0.6828439459342385,1.0320892800067265,0.3101746591459317,0.26361149142004836,600
20.299868713125193,0.503619258959217,0.8885774539726496,0.12565077427541183,0.09461799955289871,600
20.299868713125193,0.45284929333328244,1.0307954900697118,0.1578122350864737,0.166450722318412,600
20.299868713125193,0.7783802887902507,1.2060745515482767,0.32712429413039484,0.3175714956713946,600
20.299868713125193,0.4391117264708789,1.2658509768525055,0.14508360769930356,0.12371498127001775,600
20.299868713125193,0.748844683422772,1.2911628631206633,0.3383099842693727,0.3148944150080443,600
20.299868713125193,0.46038336465278884,1.2075087440553147,0.11880870283120068,0.0671681972648773,600
20.299868713125193,0.8912416617049027,1.4436991677870807,0.3382060705782756,0.3088205083637747,600
20.299868713125193,0.5181005920339012,0.8651613259242398,0.10496646069024472,0.07846248664565825,600
20.299868713125193,0.5058381400931808,0.8894929393837746,0.23737423267066488,0.19320912180714947,600
20.299868713125193,0.625696279736876,1.179118530702388,0.2790637455223692,0.232846027285996,600
20.299868713125193,0.6176067725637931,1.3417298940036377,0.3715692436421329,0.27531507542533595,600
20.299868713125193,0.8141995639047879,1.3161997002970731,0.295936564701316,0.27746002738098385,600
20.299868713125193,0.5406058166483964,0.8888428906253564,0.10961500226520367,0.07085898071560537,600
20.299868713125193,0.9688611492293615,1.439451427442338,0.45988133144004534,0.486548402287066,600
20.299868713125193,0.7601438851667989,0.9590550897687882,0.28949908909184774,0.25604856355344235,600
20.299868713125193,0.5867178271646317,1.0753842216951255,0.27948001614569595,0.28304714925281804,600
20.299868713125193,0.6635064834806629,1.0240249647325874,0.17730826095514743,0.19771902983589776,600
20.299868713125193,0.5265018214247317,0.9085826616281609,0.19713714653258244,0.17865116926142827,600
20.299868713125193,0.6249095844969572,0.8921827598928427,0.24463255041365103,0.24936406018288026,600
20.299868713125193,0.5288420467282877,1.1705597647475274,0.10575033058374392,0.15122558407813147,600
20.299868713125193,0.4785598155969361,1.0753583591851832,0.07739575883567602,0.07777864106351924,600
20.299868713125193,0.5759192037510867,1.0497040863435816,0.3093413989046253,0.23731617647142308,600
20.299868713125193,0.4763692337695034,0.8383829791572753,0.07140026485867693,0.0532921872971806,600
20.299868713125193,0.5960524942499273,1.1603773273150058,0.1307047219248142,0.17573867410195965,600
20.299868713125193,0.6743473170485941,1.033265052083803,0.2027015804551093,0.20570386651461786,600
20.299868713125193,0.6084736929135028,1.035762029805821,0.23749364215263383,0.18290428133013584,600
20.299868713125193,0.6371250773522772,1.1054088979711405,0.2843494005530023,0.33507748696156836,600
20.299868713125193,0.6446395285248298,1.1187772782815297,0.23252475416772792,0.20279640307619412,600
20.299868713125193,0.6545742010129644,1.1545494713818958,0.11575750119020745,0.08891537547989983,600
20.299868713125193,0.8414408422301032,1.3706391374218994,0.5251568308162536,0.4775843328237661,600
20.299868713125193,0.5547661045132155,1.039073316782039,0.08871383279914448,0.07380869611473562,600
20.299868713125193,0.6335064629216429,1.295702944480151,0.2640626358656465,0.17015200244230494,600
20.299868713125193,0.5484263446136934,0.9271602362833574,0.2021783344336297,0.20528299560959798,600
20.299868713125193,0.5014631738402685,1.1263961780469707,0.09946520723591343,0.07614360908258323,600
20.299868713125193,0.5786892517756848,1.1236579578946093,0.20318259765531094,0.17393735342781846,600
20.299868713125193,0.9897163381712557,1.2915867584720389,0.6186050548439183,0.5658371954723672,600
20.299868713125193,0.7783281895568381,1.1836569780783253,0.3175639324915646,0.2885267648708335,600
20.299868713125193,0.5948256028311902,1.1759390125644824,0.14425772690181288,0.14955043455275432,800
20.299868713125193,0.5325235571723737,1.1597121551034928,0.14739303970450016,0.1436569645797025,800
20.299868713125193,0.4753515401948838,1.069816686662388,0.09334272684733427,0.06397048766220272,800
20.299868713125193,0.44470255805759373,0.8943683473405999,0.08973403650244063,0.06907394736474488,800
20.299868713125193,0.571451612206183,1.0753191296967544,0.08251997187551662,0.09502384905515174,800
20.299868713125193,0.6772151821324723,1.0370688860696027,0.17381581614234926,0.20959153923029242,800
20.299868713125193,0.5053479307081454,0.8772903262392221,0.11229675734569614,0.10282821482047728,800
20.299868713125193,0.47732563641239,1.18636081239773,0.06154783662357698,0.04215361132390511,800
20.299868713125193,0.6067441939144195,0.9576042795891915,0.08778305838575062,0.062327677097087066,800
20.299868713125193,0.5386344698556436,1.0109630430964387,0.11946079074407748,0.10547081175954873,800
20.299868713125193,0.6681904677091681,1.0040293242474176,0.10998549663386814,0.10993132062723598,800
20.299868713125193,0.6583937671543841,1.1959365624069818,0.1164806215223289,0.1155267173508793,800
20.299868713125193,0.45403267600963043,0.859193908258334,0.07061778380113946,0.0846076608680213,800
20.299868713125193,0.5054368417701297,0.8953725279664959,0.10184532065611197,0.07952396155612607,800
20.299868713125193,0.4464655679810686,0.9704361439075926,0.07327310393505618,0.05130836446152141,800
20.299868713125193,0.6652413440811334,1.2120771588228336,0.25898685607447214,0.2261211663526728,800
20.299868713125193,0.47637119174834835,1.2828800143279262,0.12062525607119255,0.09076870239054159,800
20.299868713125193,0.6570811929720548,1.165193120373311,0.24572388814232932,0.23260467889382272,800
20.299868713125193,0.5218238144812932,1.1824447190736564,0.10209230721360484,0.05216102376071313,800
20.299868713125193,0.6019651538866504,1.3097939151703677,0.16096923411448624,0.1721267196772328,800
20.299868713125193,0.43378495862472155,0.9425856765288015,0.12056817116608651,0.08194573436449334,800
20.299868713125193,0.4330096507145887,0.9154109116525707,0.0734112389897382,0.06439720043532733,800
20.299868713125193,0.4939219269435558,1.0205092018469835,0.09073343615875525,0.08201387333523258,800
20.299868713125193,0.4837141465930465,1.1849426324167578,0.14457363635047948,0.09631819588251558,800
20.299868713125193,0.7705158344571011,1.2632671763207075,0.30901685932591777,0.2690129378882854,800
20.299868713125193,0.5617934185606765,0.8697254438558544,0.08879728420061252,0.05845956594620101,800
20.299868713125193,0.7008776392122563,1.1896754150663822,0.21422837674593287,0.22141210097713318,800
20.299868713125193,0.5696674506329797,1.0221012600429304,0.10910999403034631,0.07780882703692385,800
20.299868713125193,0.5686041537636484,1.0938548325197444,0.24013215270105934,0.23411022707225423,800
20.299868713125193,0.699819748666019,1.0532900670052887,0.1404862752462299,0.15116286469181447,800
20.299868713125193,0.548749312743256,0.9863347309494507,0.07846020503541613,0.07703003021945723,800
20.299868713125193,0.47905056061171475,0.8365882813388186,0.12431636808963664,0.10963268881134981,800
20.299868713125193,0.5382622198855074,1.0947780360545922,0.1273387899561383,0.1320686684524633,800
20.299868713125193,0.5060455698605801,1.0329671351270477,0.09066156703898623,0.06516639274004346,800
20.299868713125193,0.6221412788700539,1.106946763833429,0.2776199344650833,0.2727478744156097,800
20.299868713125193,0.5428617925092333,0.962892580564582,0.06917782198687461,0.042073587681962524,800
20.299868713125193,0.46664728882090645,1.1901443909659466,0.056472202011071275,0.04748373293651629,800
20.299868713125193,0.5801343262589209,1.1710718058063088,0.16834670494741982,0.1698003652681644,800
20.299868713125193,0.3857573309117816,0.9634590537472305,0.044551537367855984,0.042111811251635566,800
20.299868713125193,0.5988634818803391,0.9761629977293387,0.180000159323298,0.15537868365801807,800
20.299868713125193,0.49309552739906315,1.0111774346263478,0.16447954759661937,0.15215271770135402,800
20.299868713125193,0.4832085220414309,1.0762744162869513,0.07684876020747587,0.04424405871118981,800
20.299868713125193,0.5587594463546482,0.9147977448923553,0.14114715876682896,0.10399799231180415,800
20.299868713125193,0.5949771373555696,1.035261583899366,0.11328499283115845,0.0863467121511028,800
20.299868713125193,0.5525955593398527,1.324731983040485,0.1772358840376213,0.1730607697256671,800
20.299868713125193,0.4945626236942875,0.9462004501126003,0.12695519077335732,0.12845243260597372,800
20.299868713125193,0.5234263207980766,1.1683159657575684,0.06636654446657277,0.08924235378078764,800
20.299868713125193,0.4985230200521045,0.9947805147158304,0.09652283141414644,0.06465552718379833,800
20.299868713125193,0.5926876781770595,1.0333730946746384,0.11226837507173369,0.17245078198513616,800
20.299868713125193,0.6113154577741551,1.1426027367165588,0.1533408606006459,0.13078815736263175,800
20.299868713125193,0.5914647931603274,1.1530683877826444,0.06130859066091003,0.07233372892305763,1000
20.299868713125193,0.5051705732320976,1.1541359129600264,0.11638014653335518,0.11512692604319934,1000
20.299868713125193,0.42433429813208634,1.0763053915502825,0.07247411592310807,0.0854649161398684,1000
20.299868713125193,0.461406493843975,0.9043753004900984,0.056245584914233704,0.049618471022953185,1000
20.299868713125193,0.5159608679994951,1.0678181997099139,0.07086998917096014,0.06082892592842819,1000
20.299868713125193,0.5079215681823895,0.9991634049262749,0.04599595662725686,0.04265307658114086,1000
20.299868713125193,0.5507186174093037,0.9240718382005385,0.06540747680397574,0.07766939602271106,1000
20.299868713125193,0.4982144509319644,1.17576135169208,0.05180905192385984,0.035683496144855525,1000
20.299868713125193,0.5236689861042987,1.0363737771044912,0.0569570600994814,0.03479607623703432,1000
20.299868713125193,0.4320164921460532,0.9813703782027973,0.04889109473768926,0.04064398195937919,1000
20.299868713125193,0.5670266587112651,0.9737724778182614,0.06557490539186309,0.06417978442967252,1000
20.299868713125193,0.5259871885061025,1.155167628426009,0.09404415055634405,0.06586858811549352,1000
20.299868713125193,0.5153287555996738,0.8637944348225425,0.10021331666115463,0.1143311095120874,1000
20.299868713125193,0.4521287430516166,0.9316582650354358,0.05856293349289574,0.03651473347256089,1000
20.299868713125193,0.4209480617968124,1.0112135684998975,0.06073945688309193,0.036385714737097744,1000
20.299868713125193,0.5634554311492167,0.9875969395628293,0.0729116643754645,0.05466901758651169,1000
20.299868713125193,0.4482943574635771,1.2297041239238746,0.09019908049218194,0.07866230245540157,1000
20.299868713125193,0.5203799700268275,0.9925187974326622,0.0765290030896068,0.06038278512794077,1000
20.299868713125193,0.5045833567526795,1.197707699779542,0.0909796542286052,0.04626729711927729,1000
20.299868713125193,0.48621605453169087,1.1371526182022635,0.051422730028008956,0.04669515354403346,1000
20.299868713125193,0.4294916790866516,0.9892341102156939,0.07334537867566107,0.05131469959503333,1000
20.299868713125193,0.3980277259738784,0.9609732884023163,0.06986388371574655,0.07053053459246261,1000
20.299868713125193,0.4890042680487464,0.9857440394594049,0.0746312306359272,0.0630606638493773,1000
20.299868713125193,0.45532186035275934,1.1377770509828737,0.05863532326148604,0.05065253773106579,1000
20.299868713125193,0.5451842981389524,1.0843598511863577,0.09385817553932214,0.07300575498546114,1000
20.299868713125193,0.5051052032630262,0.8812210602055466,0.04909473123587236,0.03460816520198489,1000
20.299868713125193,0.5021595185919162,0.9335278759859009,0.06409947774458327,0.06788509232852137,1000
20.299868713125193,0.5334733440719568,1.0070671539996565,0.10118683048399801,0.07360232019966173,1000
20.299868713125193,0.5811152273267148,1.113455044703089,0.25510342242516576,0.2415340775974341,1000
20.299868713125193,0.4628520817669819,1.0200198019996165,0.06597761189548473,0.07011207801096489,1000
20.299868713125193,0.49964109123067435,1.0566134821471893,0.09786175889296428,0.05274900696319734,1000
20.299868713125193,0.4894662361882431,0.8644388726216564,0.14537355180661365,0.12135952255894251,1000
20.299868713125193,0.42611716288339285,0.9429300052714001,0.04520297573720876,0.03151407425906045,1000
20.299868713125193,0.48421798144759337,0.9633991138146972,0.07682035501639138,0.05650750698586872,1000
20.299868713125193,0.47604616658320065,1.0139547482956177,0.09668154721045957,0.07182931428989174,1000
20.299868713125193,0.5021817043671962,0.9199330928222893,0.0517600349464216,0.03813866544003532,1000
20.299868713125193,0.5245246082389043,1.2113892534329866,0.055026429110371526,0.03802405262020225,1000
20.299868713125193,0.5859262086085789,1.1963456463660642,0.18080993785920288,0.16899428964030597,1000
20.299868713125193,0.4573325725840088,1.0103921832613727,0.0745593291141004,0.061214888598913025,1000
20.299868713125193,0.569792468208601,0.9799776181095228,0.14428662500549422,0.13009670898712772,1000
20.299868713125193,0.4216680517721404,0.8854542365321751,0.07969740674981705,0.0725674955947459,1000
20.299868713125193,0.4951755643901293,1.1356398487275305,0.05265358121381903,0.037880065154458006,1000
20.299868713125193,0.4982282219001048,0.89054360466151,0.04706122341455669,0.03669323981757279,1000
20.299868713125193,0.5736497506220164,1.0356533344466856,0.09020135948625611,0.07325855021882026,1000
20.299868713125193,0.5266306367141268,1.2368116752636051,0.12981402456664046,0.16208972714297068,1000
20.299868713125193,0.42741787695488986,0.9379497257592109,0.056973748249831216,0.04149395043497762,1000
20.299868713125193,0.4559319601234018,1.1253599550704725,0.07029973736742527,0.04370645750186692,1000
20.299868713125193,0.4880044527359341,0.9534993730013733,0.05006371005867851,0.03426308237168591,1000
20.299868713125193,0.5589817859962773,0.948336364560938,0.1316654817061388,0.10630857707115195,1000
20.299868713125193,0.4608616052610144,1.0878757709179034,0.07094617748816887,0.05243734327621551,1000
20.299868713125193,0.5704771802172285,1.1241531972477294,0.04055542747410172,0.06720703626274496,1200
20.299868713125193,0.4983347958813955,1.1214505450631034,0.08546131409261,0.08463271634552194,1200
20.299868713125193,0.46320090591324714,1.1147089947954771,0.03143026837474972,0.031051920058191598,1200
20.299868713125193,0.4685671104875484,0.9027800177022851,0.05333045544376907,0.04176381763458203,1200
20.299868713125193,0.5016952328098229,1.1026781326761155,0.052415115192909735,0.046231582332253204,1200
20.299868713125193,0.49937819513986176,0.953153884332288,0.026772592500918277,0.021352993892424114,1200
20.299868713125193,0.5233215998827941,0.9123633160788231,0.04548255174414446,0.04535223775519452,1200
20.299868713125193,0.46939399382030333,1.179324477618144,0.037138521991208845,0.02905659562686005,1200
20.299868713125193,0.5033845250297707,1.0255791498901536,0.04679571923913486,0.03712746120209847,1200
20.299868713125193,0.4287994069569015,1.0218465891247577,0.04505069365494359,0.036213156454571904,1200
20.299868713125193,0.4929700734578165,0.9408694669049912,0.04276172698214329,0.03508505806994552,1200
20.299868713125193,0.46944212059811147,1.136822512769954,0.053060851171918694,0.04851694545470166,1200
20.299868713125193,0.413272512684514,0.8396164462860375,0.04291895790047071,0.03789938668190421,1200
20.299868713125193,0.4414223098749362,0.9193740326227847,0.05410357943712025,0.042200042943564796,1200
20.299868713125193,0.41183347902839273,1.0217388484689953,0.08069147270846673,0.06820766515844956,1200
20.299868713125193,0.4615002542124698,0.9650589115173225,0.048851273155554494,0.03914961673283604,1200
20.299868713125193,0.43357132548678395,1.1684131999513816,0.06700538352833925,0.061934668220671354,1200
20.299868713125193,0.45236984523686635,0.9524887966910519,0.028015170471207065,0.025767869019080094,1200
20.299868713125193,0.48846040372453114,1.1841912117036142,0.04997133083359817,0.02985032205274931,1200
20.299868713125193,0.5068900084897526,1.1270321056157857,0.0475095546615092,0.03780682601710835,1200
20.299868713125193,0.44444704732715157,1.0123785336421016,0.03199548308363414,0.022066083608519943,1200
20.299868713125193,0.4138013416951015,0.9488368177377855,0.03495446126926267,0.03171036308852391,1200
20.299868713125193,0.3955194185799969,1.0030713131974902,0.037350747420426544,0.023805066391713238,1200
20.299868713125193,0.4926471315370023,1.160616117066713,0.06233727749960974,0.0525254056290867,1200
20.299868713125193,0.4890000922530299,1.024903918885346,0.06913745230550782,0.05066770054064304,1200
20.299868713125193,0.4699176445229859,0.8838258301845325,0.045528166879456745,0.031720442827678996,1200
20.299868713125193,0.43053778431494816,0.9347358764462311,0.0526509732670913,0.0392903129138592,1200
20.299868713125193,0.5502502553931484,0.9936064069654928,0.07737200755393459,0.061664033291658114,1200
20.299868713125193,0.531886564671056,1.091682353979148,0.16432908744894018,0.15369781700903348,1200
20.299868713125193,0.446980188835035,1.034680226637323,0.0850193990762031,0.036376546060139785,1200
20.299868713125193,0.460803198000759,1.0293555627050364,0.043772388962996275,0.028722229199995366,1200
20.299868713125193,0.527542010864241,0.8821163051583609,0.10963302879864205,0.10138042816644899,1200
20.299868713125193,0.41203585713990376,0.958697076984847,0.03658936553341089,0.02405339941571932,1200
20.299868713125193,0.4529015462447751,0.948694467429163,0.040357263824703594,0.03625546601684206,1200
20.299868713125193,0.4456251287474958,0.9234850395513089,0.03652716828940315,0.0200732362688588,1200
20.299868713125193,0.4687108716855239,0.9450839899986393,0.04778243733647148,0.032645376296412516,1200
20.299868713125193,0.49970560108443984,1.1820073199100316,0.050184426535314595,0.03264124676661542,1200
20.299868713125193,0.4771304903304701,1.193323318725028,0.04037762273604592,0.027097381821566534,1200
20.299868713125193,0.4260572578009946,0.9924748358460654,0.04235807511157904,0.03471610721103771,1200
20.299868713125193,0.5647927971881508,1.0044804217276846,0.13561405601483864,0.11841809931419257,1200
20.299868713125193,0.44004216033129195,0.9157611455826288,0.0481832533800081,0.04698611255436832,1200
20.299868713125193,0.47014751729406934,1.1250028294441707,0.03262380768904605,0.02746904475390421,1200
20.299868713125193,0.4912421113455113,0.9004304527467137,0.038807591315550546,0.02741906009623624,1200
20.299868713125193,0.5404881825822858,1.0217386489137998,0.0987863910503639,0.09405009434382777,1200
20.299868713125193,0.44246845380811123,1.2194344071898051,0.0942806495919395,0.08804801768943743,1200
20.299868713125193,0.4227018978679686,0.9853593923252836,0.03934745312744809,0.028289540694019226,1200
20.299868713125193,0.4254264972041424,1.1141938579284012,0.04173407633836993,0.028477857781955156,1200
20.299868713125193,0.46217228213688966,0.9486316929132299,0.03532027183948287,0.0251228822619523,1200
20.299868713125193,0.45601505761994354,0.9189766826987877,0.036749616436541385,0.045048465628359055,1200
20.299868713125193,0.4646619861447479,1.0295732312268495,0.047032621318852906,0.04517292045712922,1200
20.299868713125193,0.5965855808205243,1.1107644025802141,0.03889081128484348,0.06136060186453371,1400
20.299868713125193,0.47404489300467967,1.062190944174428,0.052060248067492876,0.029788294113849003,1400
20.299868713125193,0.48403215161181784,1.1019318549362649,0.04603581696528059,0.030187188859221146,1400
20.299868713125193,0.4592426760887019,0.924551760131304,0.04366526113150903,0.032686018482623994,1400
20.299868713125193,0.48279248183125045,1.053490400397256,0.04161224836512171,0.033398461087515964,1400
20.299868713125193,0.4875363144891598,0.9108172523551172,0.020673487913267417,0.01502438974103691,1400
20.299868713125193,0.4774846965435117,0.9628218922247935,0.05920720048092808,0.06653938268161605,1400
20.299868713125193,0.4400163060961547,1.1381091439834419,0.0547064191375144,0.038942674225587864,1400
20.299868713125193,0.507802401540342,1.0298893002700762,0.03743143093018188,0.026276317290591558,1400
20.299868713125193,0.43597031093365163,1.037724188429668,0.04832386170445852,0.027436441795842103,1400
20.299868713125193,0.4673289279042678,0.9541121240707751,0.033853195897435996,0.026515335437624084,1400
20.299868713125193,0.4346160712772253,1.1567062961499897,0.037298470566676165,0.029595011072039313,1400
20.299868713125193,0.4122059797377584,0.8678664856757801,0.033963373876285986,0.022038723827091967,1400
20.299868713125193,0.44131182943259867,0.8797928090969703,0.04048148086817291,0.03029793311666971,1400
20.299868713125193,0.44022644435683467,1.0305136467712452,0.06872824266708843,0.06539338678420217,1400
20.299868713125193,0.4611416766059308,0.9652141291655395,0.038408149997647516,0.026418345084909686,1400
20.299868713125193,0.4295430036186456,1.1175675484478882,0.04811195949098882,0.042505096160438544,1400
20.299868713125193,0.43904367286676926,0.9604335862314654,0.03686246561836357,0.03051195423898081,1400
20.299868713125193,0.4500903442921923,1.137878390673854,0.041114942586825146,0.022183611153627873,1400
20.299868713125193,0.4756735036049015,1.1451021219541138,0.04432645693516358,0.022614762616077866,1400
20.299868713125193,0.45469974368929905,0.9584143966101432,0.022204063839670385,0.017842156235601182,1400
20.299868713125193,0.4087522216647107,0.9145155026743108,0.04068778178550656,0.03218226144219092,1400
20.299868713125193,0.37301406125055553,1.002584701141935,0.029870474990891658,0.02485296551888099,1400
20.299868713125193,0.49560751771520284,1.1164241448308636,0.04729962494280523,0.041229068372325324,1400
20.299868713125193,0.5037828241765755,1.0245988308139975,0.050866561039058684,0.03203805138412716,1400
20.299868713125193,0.49221573446174643,0.8873268339183714,0.036265425064171394,0.023481279372801266,1400
20.299868713125193,0.5008310658006246,0.983059574420403,0.04975620824866985,0.0428037508998638,1400
20.299868713125193,0.48374730992656284,0.9733505582824019,0.05996444497805001,0.04997313363997209,1400
20.299868713125193,0.5885452491595354,1.1879936873838295,0.17897565275990182,0.1797848979796194,1400
20.299868713125193,0.43613331462218324,1.0336960838612534,0.03469757258308059,0.028936748353982605,1400
20.299868713125193,0.46156703979608643,0.9691382628902895,0.04698693325470505,0.025458505008001706,1400
20.299868713125193,0.5004601757623551,0.9241784139830527,0.061786851828306455,0.0576528309526119,1400
20.299868713125193,0.4261739857353038,0.9386747654256137,0.021760588726359182,0.01751423116212913,1400
20.299868713125193,0.4263607675474912,0.9857207083158608,0.0361702130698181,0.0239569653189375,1400
20.299868713125193,0.44842783409951564,0.9786572462962845,0.023984420067518962,0.017644998621637164,1400
20.299868713125193,0.4751347312283277,0.8943321635522298,0.05282270731980509,0.029615222997104673,1400
20.299868713125193,0.4555391637487947,1.1543160753010293,0.032986171141674,0.021309880024854178,1400
20.299868713125193,0.48972361989160196,1.2051570187977967,0.030984420749360635,0.02190677975637946,1400
20.299868713125193,0.45504656747163297,0.9098994382735874,0.033301240832274606,0.02270630824670757,1400
20.299868713125193,0.5506165187320189,1.0677825098243763,0.16147138402587854,0.14300954710540412,1400
20.299868713125193,0.44031750471763825,0.9561676563550457,0.04890473547810439,0.04627127241609257,1400
20.299868713125193,0.5000871151034758,1.100704956624397,0.03221043206122624,0.02660341071211523,1400
20.299868713125193,0.45503925260526557,0.9179842605148546,0.02994584255612197,0.02100688094240085,1400
20.299868713125193,0.49872939390413507,1.05100923000601,0.08357913604197814,0.06503757377865639,1400
20.299868713125193,0.45533021456039874,1.1940051347544265,0.061235187520125973,0.05360119223388509,1400
20.299868713125193,0.43590803545125334,0.9877416350517461,0.03237837567856945,0.02369380185336755,1400
20.299868713125193,0.43101040097175963,1.0707604467112084,0.04198821397170714,0.023759822695263406,1400
20.299868713125193,0.4558256114059177,0.9195584103573954,0.028131133434577058,0.024038274351171673,1400
20.299868713125193,0.4739669632128987,0.9376925284760781,0.03313738895651409,0.023919238772100802,1400
20.299868713125193,0.45266814606036504,1.0387260654142512,0.04490014154519926,0.04138812947562568,1400
20.299868713125193,0.5511939555150732,1.1897035188565734,0.06211234695838866,0.07257529720615587,1600
20.299868713125193,0.4398391084082796,1.0702603254686196,0.029180308486594933,0.016144560364324167,1600
20.299868713125193,0.48806102418773945,1.0908490538634756,0.03177725674645427,0.026809797549347848,1600
20.299868713125193,0.4487346638039972,0.933405971725918,0.03419947569795626,0.02361918992153276,1600
20.299868713125193,0.46651518466375924,1.0242422971742813,0.038653454163718716,0.029464400329597303,1600
20.299868713125193,0.4963700024461123,0.9189040194446695,0.016000465016924682,0.012200380743765038,1600
20.299868713125193,0.5280236044871096,1.0301008083084815,0.05055595653868043,0.052562411714509844,1600
20.299868713125193,0.39633660581149743,1.1119355267960722,0.029558026321643165,0.023459479775178434,1600
20.299868713125193,0.4878956796584652,1.0088969315968837,0.02968493318153736,0.023177254887435075,1600
20.299868713125193,0.4603512029910654,1.0044093662592988,0.028337962074533894,0.018088585964051492,1600
20.299868713125193,0.4477980482254287,1.021614069556497,0.028800773293508882,0.018731454245956333,1600
20.299868713125193,0.41864829906609746,1.113492466506214,0.028286039040546426,0.03376913383622706,1600
20.299868713125193,0.41569585160552547,0.8988673101612237,0.028987668492135864,0.023791567145497905,1600
20.299868713125193,0.4416223269830307,0.9122391703062013,0.05588201849425365,0.035542298044869754,1600
20.299868713125193,0.41240799517150495,1.0657613949326528,0.06935781697220018,0.061037004981802284,1600
20.299868713125193,0.44562062273744846,0.9714688268902641,0.02263453871622912,0.016119144297059088,1600
20.299868713125193,0.44474070583744046,1.1412130652588859,0.05117802593835353,0.04311907240518106,1600
20.299868713125193,0.4611240026435255,0.9706275896221558,0.02928941933968219,0.024763648565773736,1600
20.299868713125193,0.42776242363244654,1.1150630651838547,0.022643669889768882,0.017128920195671516,1600
20.299868713125193,0.4843126236816058,1.1502575962353598,0.03954507565252615,0.017246352687050465,1600
20.299868713125193,0.4162814945735947,0.9614780686448707,0.019456622363653947,0.0156785644604201,1600
20.299868713125193,0.4497818315791229,0.935333862667336,0.03701442245155112,0.02966380579268345,1600
20.299868713125193,0.4102945864727613,0.9568566665713378,0.018968982641955782,0.014610228911286648,1600
20.299868713125193,0.4786883097903022,1.107137626455132,0.04096506524505088,0.034425445773190705,1600
20.299868713125193,0.4920583291153111,1.022653628514381,0.030832143504935496,0.018411294112982382,1600
20.299868713125193,0.5066701049072471,0.8695518374354264,0.03034524864477826,0.02032266568689089,1600
20.299868713125193,0.4746602370644746,1.024831651299775,0.05316510404583322,0.041456279557037234,1600
20.299868713125193,0.47303437287487476,0.9567785251025921,0.054217460681949464,0.04191776615740761,1600
20.299868713125193,0.5816435986051193,1.1734735909425682,0.18761709895036596,0.17437677407598978,1600
20.299868713125193,0.42063779955092406,1.0309044197852124,0.026307088884736356,0.02446361054243445,1600
20.299868713125193,0.4490787565787646,0.9381836894639423,0.022747790647399686,0.020829467952532002,1600
20.299868713125193,0.4688762541638755,0.9148105813487115,0.042914057597874276,0.04492598303225216,1600
20.299868713125193,0.42340437465921316,0.949423944573138,0.020584989334839578,0.016428186602378977,1600
20.299868713125193,0.42324239531165975,0.9476118222933535,0.03004010284700298,0.018867461639594782,1600
20.299868713125193,0.43215304261037385,0.9414462374525796,0.017066774099343086,0.011573874246333046,1600
20.299868713125193,0.4611974499850777,0.923452996339776,0.03407960400435443,0.02512334103573352,1600
20.299868713125193,0.4331444747631192,1.1792324417304985,0.03088426284218658,0.023577020641780973,1600
20.299868713125193,0.4866617780492702,1.1909734224471893,0.02398938571376677,0.018015306128042443,1600
20.299868713125193,0.46200538375208616,0.9246049483701347,0.027959560777374777,0.017748527961663707,1600
20.299868713125193,0.4788576050433404,0.9289940430608772,0.023420540113719572,0.024418532147335553,1600
20.299868713125193,0.44382108157259775,0.9617294078920035,0.03413620506223717,0.030270454775752898,1600
20.299868713125193,0.4600975301576239,1.116823549222901,0.0265688673197805,0.018542997600570675,1600
20.299868713125193,0.4517499081835785,0.9179483694283599,0.02091614998372016,0.017647890837563115,1600
20.299868713125193,0.44579838925432863,1.0036646839330459,0.022304365847611033,0.022904124950870228,1600
20.299868713125193,0.4567175141155728,1.2429420467375056,0.07744425346486374,0.08105790149982128,1600
20.299868713125193,0.42887621663290787,0.995554362000535,0.03189845267327729,0.02429947781632914,1600
20.299868713125193,0.4243337385871536,1.0433221102857098,0.02347484060172445,0.02115374317475287,1600
20.299868713125193,0.4540540765063354,0.9124842618683843,0.021383675450152632,0.01398538376062852,1600
20.299868713125193,0.47199168417967524,0.909071374312566,0.025785902397034096,0.02149074194516846,1600
20.299868713125193,0.43206765289932575,0.9815977151569517,0.03692948538564392,0.030689287395215394,1600
